CarrierCode,dep_delay_stddev
AA,42.59804487791594
BA,42.76365685988024
LH,43.104359410474885
QF,43.276569528979465
SQ,43.34014158599843
EK,43.56764992767534
SW,44.13916878247878
DL,44.154834928876134
AF,44.202443884160466
UA,44.66575091578164
